forename_a,surname_a,id_a,forename_b,surname_b,id_b
Aaron,Anthony Connolly,456123,Aaron,Anthony Connolly,456123
Aaron,Cresswell,456124,Aran,Cresswell,456124
Aaron,Ramsdale,456125,Aaron,Ramsdale,456125
Aaron,Wan-Bissaka,456126,Aaron,Wan-Bissaka,456126
Abd-Al-Ali,Morakinyo Olaposi Koiki,456127,Abd-Al-Ali,Morakinyo Olaposi Koiki,456127
Adam,Idah,456128,Adam,Idah,456128
Adam,Lallana,456129,Adam,Lallana,456129
Adam,Masina,456130,Adam,Masina,456130
Adam,Smith,456131,Adam,Smith,456131
Adam,Webster,456132,Adam,Webster,456132
Adrian,Mariappa,456133,Adrian,Mariappa,456133
Ahmed,Eissa El Mohamady Abdel Fattah,456134,Ahmed,Eissa El Mohamady Abdel Fattah,456134
Ainsley,Maitland-Niles,456135,Ainsley,Maitland-Niles,456135
Akin,Famewo,456136,Akin,Famewo,456138
Albian,Ajeti,456137,Albian,Ajeti,456137
Alex,Cochrane,456138,Alex,Cochrane,456138
Alex,Iwobi,456139,Alex,Iwobi,456139
Alex,McCarthy,456140,Alex,McCarthy,456140
Alex,Oxlade-Chamberlain,456141,Alexander,Oxlade-Chamberlain,456141
Alexander,Tettey,456142,Alexander,Tettey,456142
Alexandre,Jankewitz,456143,Alexandre,Jankewitz,456143
Alexandre,Lacazette,456144,Alexandre,Lacazette,456144
Alexandre,Nascimento Costa Silva,456145,Alexandre,Nascimento Costa Silva,456145
Alexis,Mac Allister,456146,Alexis,Mac Allister,456146
Alfie,Lewis,456147,Alfie,Lewis,456147
Alfie,Whiteman,456148,Alfie,Whiteman,456148
Alireza,Jahanbakhsh,456149,Alireza,Jahanbakhsh,456149
Alisson,Ramses Becker,456150,Alisson,Ramses Becker,456150
Allan,Saint-Maximin,456151,Allan,Saint-Maximin,456151
Andre,Gray,456152,Andre,Gray,456152
Andreas,Christensen,456153,Andreas,Christensen,456153
Andreas,Hugo Hoelgebaum Pereira,456154,Andreas,Hugo Hoelgebaum Pereira,456154
Andrew,Robertson,456155,Andrew,Robertson,456155
Andrew,Surman,456156,Andrew,Surman,456156
Andrii,Yarmolenko,456157,Andrii,Yarmolenko,456157
Andros,Townsend,456158,Andros,Townsend,456158
Andy,Carroll,456159,Andy,Carroll,456159
Andy,Lonergan,456160,Andy,Lonergan,456160
Angelo,Ogbonna,456161,Angelo,Ogbonna,456161
Angus,Gunn,456162,Angus,Gunn,456165
Anthony,Driscoll-Glennon,456163,Anthony,Driscoll-Glennon,456163
Anthony,Gordon,456164,Anthony,Gordon,456164
Anthony,Martial,456165,Anthony,Martial,456165
Anwar,El Ghazi,456166,Anwar,El Ghazi,456166
Archie,Mair,456167,Archie,Mair,456167
Armando,Broja,456168,Armando,Broja,456168
Arnaut,Danjuma Groeneveld,456169,Arnaut,Danjuma Groeneveld,456169
Arthur,Masuaku,456170,Arthur,Masuaku,456170
Artur,Boruc,456171,Artur,Boruc,456171
Ashley,Barnes,456172,Ashley,Barnes,456172
Ashley,Westwood,456173,Ashley,Westwood,456173
Axel,Tuanzebe,456174,Axel,Tuanzebe,456174
Aymeric,Laporte,456175,Aymeric,Laporte,456175
Ayotomiwa,Dele-Bashiru,456176,Ayotomiwa,Dele-Bashiru,456176
Bailey,Peacock-Farrell,456177,Bailey,Peacock-Farrell,456177
Bamidele,Alli,456178,Bamidele,Alli,456178
Ben,Chilwell,456179,Ben,Chilwell,456179
Ben,Davies,456180,Ben,Davies,456180
Ben,Foster,456181,Ben,Foster,456181
Ben,Gibson,456182,Benjamin,Gibson,456182
Ben,Godfrey,456183,Ben,Godfrey,456183
Ben,Johnson,456184,Ben,Johnson,456184
Ben,Mee,456185,Ben,Mee,456185
Ben,Osborn,456186,Ben,Osborn,456186
Beni,Baningime,456187,Beni,Baningime,456187
Benjamin,Mendy,456188,Benjamin,Mendy,456188
Bernardo,Costa Da Rosa,456189,Bernardo,Costa Da Rosa,456189
Bernardo,Fernandes da Silva Junior,456190,Bernardo,Fernandes da Silva Junior,456190
Bernardo,Mota Veiga de Carvalho e Silva,456191,Bernardo,Mota Veiga de Carvalho e Silva,456191
Bernd,Leno,456192,Bernd,Leno,456192
Billy,Gilmour,456193,Billy,Gilmour,456193
Billy,Sharp,456194,Billy,Sharp,456194
Bobby,Thomas,456195,Bobby,Thomas,456195
Brandon,Austin,456196,Brandon,Austin,456196
Brandon,Pierrick,456197,Brandon,Pierrick,456197
Brandon,Williams,456198,Brandon,Williams,456198
Bruno,Miguel Borges Fernandes,456199,Bruno,Miguel Borges Fernandes,456199
Bukayo,Saka,456200,Bukayo,Saka,456200
Callum,Hudson-Odoi,456201,Callum,Hudson-Odoi,456201
Callum,Wilson,456202,Callum,Wilson,456202
Calum,Chambers,456203,Calum,Chambers,456203
Caoimhin,Kelleher,456204,Caoimhin,Kelleher,456204
Cenk,Tosun,456205,Cenk,Tosun,456205
Charlie,Daniels,456206,Charlie,Daniels,456206
Charlie,Taylor,456207,Charlie,Taylor,456207
Che,Adams,456208,Che,Adams,456212
Chris,Basham,456209,Chris,Basham,456209
Chris,Mepham,456210,Chris,Mepham,456210
Chris,Wood,456211,Chris,Wood,456211
Christian,Atsu,456212,Christian,Atsu,456212
Christian,Benteke Liolo,456213,Christian,Benteke Liolo,456213
Christian,Fuchs,456214,Christian,Fuchs,456214
Christian,Kabasele,456215,Christian,Kabasele,456215
Christian,Pulisic,456216,Christian,Pulisic,456216
Christian,Saydee,456217,Christian,Saydee,456217
Christoph,Zimmermann,456218,Christoph,Zimmermann,456218
Ciaran,Clark,456219,Ciaran,Clark,456219
Cole,Palmer,456220,Cole,Palmer,456220
Conor,Coady,456221,Conor,Coady,456221
Conor,Coventry,456222,Conor,Coventry,456222
Conor,Hourihane,456223,Conor,Hourihane,456223
Craig,Cathcart,456224,Craig,Cathcart,456224
Craig,Dawson,456225,Craig,Dawson,456225
Curtis,Jones,456226,Curtis,Jones,456226
Dale,Stephens,456227,Dale,Stephens,456227
Dan,Burn,456228,Dan,Burn,456228
Dan,Gosling,456229,Dan,Gosling,456229
Dani,Ceballos,456230,Dani,Ceballos,456230
Daniel,Castelo Podence,456231,Daniel,Castelo Podence,456231
Daniel,Drinkwater,456232,Daniel,Drinkwater,456232
Daniel,James,456233,Daniel,James,456233
Daniel,N'Lundulu,456234,Daniel,N'Lundulu,456234
Danny,Ings,456235,Danny,Ings,456235
Danny,Rose,456236,Danny,Rose,456236
Danny,Ward,456237,Danny,Ward,456237
Danny,Welbeck,456238,Danny,Welbeck,456238
Darnell,Johnson,456239,Darnell,Johnson,456239
Darren,Randolph,456240,Darren,Randolph,456240
Daryl,Janmaat,456241,Daryl,Janmaat,456241
David,Brooks,456242,David,Brooks,456242
David,Button,456243,David,Button,456243
David,de Gea Quintana,456244,David,de Gea Quintana,456244
David,Luiz Moreira Marinho,456245,David,Luiz Moreira Marinho,456245
David,Martin,456246,David,Martin,456246
David,McGoldrick,456247,David,McGoldrick,456247
David,Silva,456248,David,Silva,456248
Dean,Henderson,456249,Dean,Henderson,456249
DeAndre,Yedlin,456250,DeAndre,Yedlin,456250
Declan,Rice,456251,Declan,Rice,456251
Dejan,Lovren,456252,Dejan,Lovren,456252
Demarai,Gray,456253,Demarai,Gray,456253
Dennis,Cirkin,456254,Dennis,Cirkin,456254
Dennis,Praet,456255,Dennis,Praet,456255
Diego,Rico,456256,Diego,Rico,456256
Dimitri,Foulquier,456257,Dimitri,Foulquier,456257
Divock,Okoth Origi,456258,Divock,Okoth Origi,456258
Domingos,Quina,456259,Domingos,Quina,456259
Dominic,Calvert-Lewin,456260,Dominic,Calvert-Lewin,456260
Dominic,Solanke,456261,Dominic,Solanke,456261
Douglas,Luiz Soares de Paulo,456262,Douglas,Luiz Soares de Paulo,456262
Dwight,Gayle,456263,Dwight,Gayle,456263
Dwight,McNeil,456264,Dwight,McNeil,456264
Eddie,Nketiah,456265,Eddie,Nketiah,456265
Ederson,Santana de Moraes,456266,Ederson,Santana de Moraes,456266
Emerson,Palmieri dos Santos,456267,Emerson,Palmieri dos Santos,456267
Emil,Krafth,456268,Emil,Krafth,456268
Enda,Stevens,456269,Enda,Stevens,456269
Eric,Bailly,456270,Eric,Bailly,456270
Eric,Dier,456271,Eric,Dier,456271
Erik,Lamela,456272,Erik,Lamela,456272
Erik,Pieters,456273,Erik,Pieters,456273
Etienne,Capoue,456274,Etienne,Capoue,456274
Ezequiel,Schelotto,456275,Ezequiel,Schelotto,456275
Ezri,Konsa Ngoyo,456276,Ezri,Konsa Ngoyo,456276
Fabian,Delph,456277,Fabian,Delph,456277
Faustino,Anjorin,456278,Faustino,Anjorin,456278
Felipe,Anderson Pereira Gomes,456279,Felipe,Anderson Pereira Gomes,456279
Fernando,Luiz Rosa,456280,Fernando,Luiz Rosa,456280
Fikayo,Tomori,456281,Fikayo,Tomori,456281
Florian,Lejeune,456282,Florian,Lejeune,456282
Fraser,Forster,456283,Fraser,Forster,456283
Frederico,Rodrigues de Paula Santos,456284,Frederico,Rodrigues de Paula Santos,456284
Gabriel,Fernando de Jesus,456285,Gabriel,Fernando de Jesus,456285
Gabriel,Teodoro Martinelli Silva,456286,Gabriel,Teodoro Martinelli Silva,456286
Gary,Cahill,456287,Gary,Cahill,456287
Gavin,Kilkenny,456288,Gavin,Kilkenny,456288
Gedson,Carvalho Fernandes,456289,Gedson,Carvalho Fernandes,456289
George,Baldock,456290,George,Baldock,456290
Georginio,Wijnaldum,456291,Georginio,Wijnaldum,456291
Gerard,Deulofeu,456292,Gerard,Deulofeu,456292
Giovanni,McGregor,456293,Giovanni,McGregor,456293
Glenn,Murray,456294,Glenn,Murray,456294
Granit,Xhaka,456295,Granit,Xhaka,456295
Grant,Hanley,456296,Grant,Hanley,456296
Gylfi,Sigurdsson,456297,Gylfi,Sigurdsson,456297
Hamza,Choudhury,456298,Hamza,Choudhury,456298
Harry,Kane,456299,Harry,Kane,456299
Harry,Lewis,456300,Harry,Lewis,456300
Harry,Maguire,456301,Harry,Maguire,456301
Harry,Wilson,456302,Harry,Wilson,456302
Harry,Winks,456303,Harry,Winks,456303
Harvey,Barnes,456304,Harvey,Barnes,456304
Harvey,Elliott,456305,Harvey,Elliott,456305
Harvey,White,456306,Harvey,White,456306
Henri,Lansbury,456307,Henri,Lansbury,456307
Heung-Min,Son,456308,Heung-Min,Son,456308
Heurelho,da Silva Gomes,456309,Heurelho,da Silva Gomes,456309
Hugo,Lloris,456310,Hugo,Lloris,456310
Ignacio,Pussetto,456311,Ignacio,Pussetto,456311
Indiana,Vassilev,456312,Indiana,Vassilev,456312
Isaac,Hayden,456313,Isaac,Hayden,456313
Isaac,Success Ajayi,456314,Isaac,Success Ajayi,456314
Issa,Diop,456315,Issa,Diop,456315
Jack,Cork,456316,Jack,Cork,456316
Jack,Grealish,456317,Jack,Grealish,456317
Jack,O'Connell,456318,Jack,O'Connell,456318
Jack,Robinson,456319,Jack,Robinson,456319
Jack,Rodwell,456320,Jack,Rodwell,456320
Jack,Simpson,456321,Jack,Simpson,456321
Jack,Stacey,456322,Jack,Stacey,456322
Jack,Stephens,456323,Jack,Stephens,456323
Jack,Wilshere,456324,Jack,Wilshere,456324
Jairo,Riedewald,456325,Jairo,Riedewald,456325
Jake,Eastwood,456326,Jake,Eastwood,456326
Jake,Vokins,456327,Jake,Vokins,456327
Jamaal,Lascelles,456328,Jamaal,Lascelles,456328
Jamal,Lewis,456329,Jamal,Lewis,456329
James,Garner,456330,James,Garner,456330
James,Justin,456331,James,Justin,456331
James,Maddison,456332,James,Maddison,456332
James,McArthur,456333,James,McArthur,456333
James,McCarthy,456334,James,McCarthy,456334
James,Milner,456335,James,Milner,456335
James,Tarkowski,456336,James,Tarkowski,456336
James,Tomkins,456337,James,Tomkins,456337
James,Ward-Prowse,456338,James,Ward-Prowse,456338
Jamie,Vardy,456339,Jamie,Vardy,456339
Jan,Bednarek,456340,Jan,Bednarek,456340
Jan,Vertonghen,456341,Jan,Vertonghen,456341
Jannik,Vestergaard,456342,Jannik,Vestergaard,456342
Japhet,Tanganga,456343,Japhet,Tanganga,456343
Jarrad,Branthwaite,456344,Jarrad,Branthwaite,456344
Jarrod,Bowen,456345,Jarrod,Bowen,456345
Javier,Manquillo,456346,Javier,Manquillo,456346
Jay,Rodriguez,456347,Jay,Rodriguez,456347
Jean-Philippe,Gbamin,456348,Jean-Philippe,Gbamin,456348
Jed,Steer,456349,Jed,Steer,456349
Jeffrey,Schlupp,456350,Jeffrey,Schlupp,456350
Jesse,Lingard,456351,Jesse,Lingard,456351
Jimmy,Dunne,456352,Jimmy,Dunne,456352
Joel,Matip,456353,Joel,Matip,456353
Joel,Ward,456354,Joel,Ward,456354
John,Egan,456355,John,Egan,456355
John,Fleck,456356,John,Fleck,456356
John,Lundstram,456357,John,Lundstram,456357
John,McGinn,456358,Johnathan,McGinn,456358
John,Ruddy,456359,John,Ruddy,456359
John,Stones,456360,John,Stones,456360
Jonathan,Castro Otto,456361,Jonathan,Castro Otto,456361
Jonjo,Shelvey,456362,Jonjo,Shelvey,456362
Jonny,Evans,456363,Jonny,Evans,456363
Jordan,Ayew,456364,Jordan,Ayew,456364
Jordan,Henderson,456365,Jordan,Henderson,456365
Jordan,Pickford,456366,Jordan,Pickford,456366
Jordan,Thomas,456367,Jordan,Thomas,456367
Jorge,Luiz Frello Filho,456368,Jorge,Luiz Frello Filho,456368
Joseph,Anang,456369,Joseph,Anang,456369
Joseph,Gomez,456370,Joseph,Gomez,456370
Joseph,Willock,456371,Joseph,Willock,456371
Josh,Benson,456372,Josh,Benson,456372
Josh,Brownhill,456373,Josh,Brownhill,456373
Josh,Martin,456374,Josh,Martin,456374
Joshua,King,456375,Joshua,King,456375
Josip,Drmic,456376,Josip,Drmic,456376
Juan,Foyth,456377,Juan,Foyth,456377
Juan,Mata,456378,Juan,Mata,456378
Junior,Stanislas,456379,Junior,Stanislas,456379
Karl,Darlow,456380,Karl,Darlow,456380
Kasper,Schmeichel,456381,Kasper,Schmeichel,456381
Keinan,Davis,456382,Keinan,Davis,456382
Kelechi,Iheanacho,456383,Kelechi,Iheanacho,456383
Kelland,Watts,456384,Kelland,Watts,456384
Kenny,McLean,456385,Kenny,McLean,456385
Kepa,Arrizabalaga Revuelta,456386,Kepa,Arrizabalaga Revuelta,456386
Kevin,Danso,456387,Kevin,Danso,456387
Kevin,De Bruyne,456388,Kevin,De Bruyne,456388
Kevin,Long,456389,Kevin,Long,456389
Kieran,Tierney,456390,Kieran,Tierney,456390
Kieron,Freeman,456391,Kieron,Freeman,456391
Ki-Jana,Hoever,456392,Ki-Jana,Hoever,456392
Kortney,Hause,456393,Kortney,Hause,456393
Kouassi,Ryan Sessegnon,456394,Kouassi,Ryan Sessegnon,456394
Kurt,Happy Zouma,456395,Kurt,Happy Zouma,456395
Kyle,Walker,456396,Kyle,Walker,456396
Kyle,Walker-Peters,456397,Kyle,Walker-Peters,456397
Leander,Dendoncker,456398,Leander,Dendoncker,456398
Leandro,Trossard,456399,Leandro,Trossard,456399
Lee,Grant,456400,Lee,Grant,456400
Leighton,Baines,456401,Leighton,Baines,456401
Leon,Clarke,456402,Leon,Clarke,456402
Leonardo,Campana,456403,Leonardo,Campana,456403
Lewis,Cook,456404,Lewis,Cook,456404
Lewis,Dunk,456405,Lewis,Dunk,456405
Lloyd,Kelly,456406,Lloyd,Kelly,456406
Lovre,Kalinić,456407,Lovre,Kalinić,456407
Lucas,Digne,456408,Lucas,Digne,456408
Lucas,Rodrigues Moura da Silva,456409,Lucas,Rodrigues Moura da Silva,456409
Lucas,Torreira,456410,Lucas,Torreira,456410
Luka,Milivojević,456411,Luka,Milivojević,456411
Lukas,Jensen,456412,Lukas,Jensen,456412
Lukas,Rupp,456413,Lukas,Rupp,456413
Lukasz,Fabianski,456414,Lukasz,Fabianski,456414
Luke,Cundle,456415,Luke,Cundle,456415
Luke,Freeman,456416,Luke,Freeman,456416
Luke,Shaw,456417,Luke,Shaw,456417
Lys,Mousset,456418,Lys,Mousset,456418
Maarten,Stekelenburg,456419,Maarten,Stekelenburg,456419
Mace,Goodridge,456420,Mace,Goodridge,456420
Mahmoud,Ahmed Ibrahim Hassan,456421,Mahmoud,Ahmed Ibrahim Hassan,456421
Mamadou,Sakho,456422,Mamadou,Sakho,456422
Manuel,Lanzini,456423,Manuel,Lanzini,456423
Marc,Albrighton,456424,Marc,Albrighton,456424
Marco,Stiepermann,456425,Marco,Stiepermann,456425
Marcos,Alonso,456426,Marcos,Alonso,456426
Marcos,Rojo,456427,Marcos,Rojo,456427
Marcus,Rashford,456428,Marcus,Rashford,456428
Mario,Vrancic,456429,Mario,Vrancic,456429
Mark,Noble,456430,Mark,Noble,456430
Mark,Travers,456431,Mark,Travers,456431
Martin,Kelly,456432,Martin,Kelly,456432
Marvelous,Nakamba,456433,Marvelous,Nakamba,456433
Mason,Greenwood,456434,Mason,Greenwood,456434
Mason,Holgate,456435,Mason,Holgate,456435
Mason,Mount,456436,Mason,Mount,456436
Matej,Vydra,456437,Matej,Vydra,456437
Mateo,Kovačić,456438,Mateo,Kovačić,456438
Mathew,Ryan,456439,Mathew,Ryan,456439
Matt,Doherty,456440,Matt,Doherty,456440
Matt,Macey,456441,Matt,Macey,456441
Matt,Ritchie,456442,Matt,Ritchie,456442
Matt,Targett,456443,Matt,Targett,456443
Matthew,Longstaff,456444,Matthew,Longstaff,456444
Matthew,Lowton,456445,Matthew,Lowton,456445
Matthew,Smith,456446,Matthew,Smith,456446
Matty,James,456447,Matty,James,456447
Max,Aarons,456448,Max,Aarons,456448
Max,Meyer,456449,Max,Meyer,456449
Max,Thompson,456450,Max,Thompson,456450
Maximilian,Kilman,456451,Maximilian,Kilman,456451
Mbwana,Ally Samatta,456452,Mbwana,Ally Samatta,456452
Michael,Keane,456453,Michael,Keane,456453
Michael,McGovern,456454,Michael,McGovern,456454
Michael,Obafemi,456455,Michael,Obafemi,456455
Michael,Verrips,456456,Michael,Verrips,456456
Michail,Antonio,456457,Michail,Antonio,456457
Michel,Vorm,456458,Michel,Vorm,456458
Michy,Batshuayi Tunga,456459,Michy,Batshuayi Tunga,456459
Mohamed,Salah Ghaly,456460,Mohamed,Salah Ghaly,456460
Moise,Kean,456461,Moise,Kean,456461
Morgan,Gibbs-White,456462,Morgan,Gibbs-White,456462
Moritz,Leitner,456463,Moritz,Leitner,456463
Moussa,Djenepo,456464,Moussa,Djenepo,456464
Moussa,Sissoko,456465,Moussa,Sissoko,456465
Nabil,Bentaleb,456466,Nabil,Bentaleb,456466
Nampalys,Mendy,456467,Nampalys,Mendy,456467
Nathan,Holland,456468,Nathan,Holland,456468
Nathan,Redmond,456469,Nathan,Redmond,456469
Nathan,Tella,456470,Nathan,Tella,456470
Nathaniel,Chalobah,456471,Nathaniel,Chalobah,456471
Nathaniel,Phillips,456472,Nathaniel,Phillips,456472
Neal,Maupay,456473,Neal,Maupay,456473
Neco,Williams,456474,Neco,Williams,456474
Neil,Taylor,456475,Neil,Taylor,456475
Nemanja,Matic,456476,Nemanja,Matic,456476
Nick,Pope,456477,Nick,Pope,456477
Nikola,Tavares,456478,Nikola,Tavares,456478
Nya,Kirby,456479,Nya,Kirby,456479
Odion,Ighalo,456480,Odion,Ighalo,456480
Oleksandr,Zinchenko,456481,Oleksandr,Zinchenko,456481
Oliver,McBurnie,456482,Oliver,McBurnie,456482
Oliver,Norwood,456483,Oliver,Norwood,456483
Oliver,Skipp,456484,Oliver,Skipp,456484
Olivier,Giroud,456485,Olivier,Giroud,456485
Onyinye,Wilfred Ndidi,456486,Onyinye,Wilfred Ndidi,456486
Oriol,Romeu,456487,Oriol,Romeu,456487
Oskar,Buur,456488,Oskar,Buur,456488
Owen,Otasowie,456489,Owen,Otasowie,456489
Pablo,Fornals,456490,Pablo,Fornals,456490
Patrick,van Aanholt,456491,Patrick,van Aanholt,456491
Paul,Dummett,456492,Paul,Dummett,456492
Paul,Pogba,456493,Paul,Pogba,456493
Paulo,Gazzaniga,456494,Paulo,Gazzaniga,456494
Pedro,Lomba Neto,456495,Pedro,Lomba Neto,456495
Phil,Bardsley,456496,Phil,Bardsley,456496
Phil,Foden,456497,Phil,Foden,456497
Phil,Jagielka,456498,Phil,Jagielka,456498
Phil,Jones,456499,Philip,Jones,456499
Philip,Billing,456500,Philip,Billing,456500
Philip,Heise,456501,Philip,Heise,456501
Pierre-Emerick,Aubameyang,456502,Pierre-Emerick,Aubameyang,456502
Raheem,Shaquille Sterling,456503,Raheem,Shaquille Sterling,456503
Reece,James,456504,Reece,James,456504
Reiss,Nelson,456505,Reiss,Nelson,456505
Ricardo,Domingos Barbosa Pereira,456506,Ricardo,Domingos Barbosa Pereira,456506
Richairo,Zivkovic,456507,Richairo,Zivkovic,456507
Richarlison,de Andrade,456508,Richarlison,de Andrade,456508
Riyad,Mahrez,456509,Riyad,Mahrez,456509
Rob,Holding,456510,Rob,Holding,456510
Robbie,Brady,456511,Robbie,Brady,456511
Robert,Kenedy Nunes do Nascimento,456512,Robert,Kenedy Nunes do Nascimento,456512
Robert,Snodgrass,456513,Robert,Snodgrass,456513
Roberto,Firmino Barbosa de Oliveira,456514,Roberto,Firmino Barbosa de Oliveira,456514
Roberto,Maximiliano Pereyra,456515,Roberto,Maximiliano Pereyra,456515
Ross,Barkley,456516,Ross,Barkley,456516
Ruben,Loftus-Cheek,456517,Ruben,Loftus-Cheek,456517
Ryan,Bennett,456518,Ryan,Bennett,456518
Ryan,Bertrand,456519,Ryan,Bertrand,456519
Ryan,Fredericks,456520,Ryan,Fredericks,456520
Sam,Byram,456521,Samuel,Byram,456521
Sam,Surridge,456522,Sam,Surridge,456522
Sam,Woods,456523,Sam,Woods,456523
Sander,Berge,456524,Sander,Berge,456524
Scott,Carson,456525,Scott,Carson,456525
Scott,Dann,456526,Scott,Dann,456526
Scott,McTominay,456527,Scott,McTominay,456527
Sean,Longstaff,456528,Sean,Longstaff,456528
Serge,Aurier,456529,Serge,Aurier,456529
Sergio,Romero,456530,Sergio,Romero,456530
Shane,Duffy,456531,Shane,Duffy,456531
Shane,Long,456532,Shane,Long,456532
Shkodran,Mustafi,456533,Shkodran,Mustafi,456533
Simon,Francis,456534,Simon,Francis,456534
Simon,Moore,456535,Simon,Moore,456535
Sofiane,Boufal,456536,Sofiane,Boufal,456536
Sokratis,Papastathopoulos,456537,Sokratis,Papastathopoulos,456537
Solly,March,456538,Solly,March,456538
Stephen,Henderson,456539,Stephen,Henderson,456539
Steve,Cook,456540,Steve,Cook,456540
Steven,Alzate,456541,Steven,Alzate,456541
Steven,Bergwijn,456542,Steven,Bergwijn,456542
Stuart,Armstrong,456543,Stuart,Armstrong,456543
Tahith,Chong,456544,Tahith,Chong,456544
Takumi,Minamino,456545,Takumi,Minamino,456545
Tammy,Bakumo-Abraham,456546,Tammy,Bakumo-Abraham,456546
Tariq,Lamptey,456547,Tariq,Lamptey,456547
Taylor,Harwood-Bellis,456548,Taylor,Harwood-Bellis,456548
Taylor,Perry,456549,Taylor,Perry,456549
Teemu,Pukki,456550,Teemu,Pukki,456550
Theo,Walcott,456551,Theo,Walcott,456551
Thomas,Allan,456552,Thomas,Allan,456552
Tim,Krul,456553,Tim,Krul,456553
Timm,Klose,456554,Timm,Klose,456554
Timothy,Fosu-Mensah,456555,Timothy,Fosu-Mensah,456555
Toby,Alderweireld,456556,Toby,Alderweireld,456556
Todd,Cantwell,456557,Todd,Cantwell,456557
Tom,Cleverley,456558,Tom,Cleverley,456558
Tom,Davies,456559,Tom,Davies,456559
Tom,Heaton,456560,Tom,Heaton,456560
Tom,Trybull,456561,Tom,Trybull,456561
Tommy,Doyle,456562,Tommy,Doyle,456562
Trent,Alexander-Arnold,456563,Trent,Alexander-Arnold,456563
Troy,Deeney,456564,Troy,Deeney,456564
Troy,Parrott,456565,Troy,Parrott,456565
Tyreece,John-Jules,456566,Tyreece,John-Jules,456566
Tyrick,Mitchell,456567,Tyrick,Mitchell,456567
Tyrone,Mings,456568,Tyrone,Mings,456568
Valentino,Lazaro,456569,Valentino,Lazaro,456569
Vicente,Guaita,456570,Vicente,Guaita,456570
Virgil,van Dijk,456571,Virgil,van Dijk,456571
Wayne,Hennessey,456572,Wayne,Hennessey,456572
Wes,Morgan,456573,Wes,Morgan,456573
Wesley,Moraes Ferreira da Silva,456574,Wesley,Moraes Ferreira da Silva,456574
Wilfried,Zaha,456575,Wilfried,Zaha,456575
Will,Hughes,456576,Will,Hughes,456576
William,Smallbone,456577,William,Smallbone,456577
Willian,Borges Da Silva,456578,Willian,Borges Da Silva,456578
Willy,Boly,456579,Willy,Boly,456579
Willy,Caballero,456580,Willy,Caballero,456580
Xherdan,Shaqiri,456581,Xherdan,Shaqiri,456581
Yan,Valery,456582,Yan,Valery,456582
Yoshinori,Muto,456583,Yoshinori,Muto,456583
Youri,Tielemans,456584,Youri,Tielemans,456584
Yves,Bissouma,456585,Yves,Bissouma,456585
Zech,Medley,456586,Zech,Medley,456586
